{"participants": [{"192.168.0.114": {"noin_balance": 1.1184653351041909, "tmp_value": 1.3733140587806703e-05}}, {"192.168.0.101": {"noin_balance": 0, "tmp_value": 0}}]}